image,mask
cvc-612_428.bmp,cvc-612_428.tif
cvc-612_283.bmp,cvc-612_283.tif
cvc-612_535.bmp,cvc-612_535.tif
cvc-300_22.bmp,cvc-300_22.bmp
cvc-612_459.bmp,cvc-612_459.tif
cvc-612_482.bmp,cvc-612_482.tif
cvc-300_62.bmp,cvc-300_62.bmp
cvc-612_545.bmp,cvc-612_545.tif
cvc-612_597.bmp,cvc-612_597.tif
cvc-612_481.bmp,cvc-612_481.tif
cvc-300_270.bmp,cvc-300_270.bmp
cvc-300_129.bmp,cvc-300_129.bmp
cvc-612_49.bmp,cvc-612_49.tif
cvc-612_553.bmp,cvc-612_553.tif
cvc-612_444.bmp,cvc-612_444.tif
cvc-612_592.bmp,cvc-612_592.tif
cvc-612_577.bmp,cvc-612_577.tif
cvc-300_17.bmp,cvc-300_17.bmp
cvc-612_465.bmp,cvc-612_465.tif
cvc-300_223.bmp,cvc-300_223.bmp
cvc-612_537.bmp,cvc-612_537.tif
cvc-300_243.bmp,cvc-300_243.bmp
cvc-612_385.bmp,cvc-612_385.tif
cvc-300_4.bmp,cvc-300_4.bmp
cvc-300_27.bmp,cvc-300_27.bmp
cvc-612_309.bmp,cvc-612_309.tif
cvc-612_199.bmp,cvc-612_199.tif
cvc-612_395.bmp,cvc-612_395.tif
cvc-300_244.bmp,cvc-300_244.bmp
cvc-612_454.bmp,cvc-612_454.tif
cvc-612_293.bmp,cvc-612_293.tif
cvc-300_30.bmp,cvc-300_30.bmp
cvc-612_301.bmp,cvc-612_301.tif
cvc-612_463.bmp,cvc-612_463.tif
cvc-300_236.bmp,cvc-300_236.bmp
cvc-300_110.bmp,cvc-300_110.bmp
cvc-300_63.bmp,cvc-300_63.bmp
cvc-612_215.bmp,cvc-612_215.tif
cvc-612_500.bmp,cvc-612_500.tif
cvc-300_250.bmp,cvc-300_250.bmp
cvc-612_563.bmp,cvc-612_563.tif
cvc-612_503.bmp,cvc-612_503.tif
cvc-612_600.bmp,cvc-612_600.tif
cvc-612_538.bmp,cvc-612_538.tif
cvc-612_46.bmp,cvc-612_46.tif
cvc-612_226.bmp,cvc-612_226.tif
cvc-612_205.bmp,cvc-612_205.tif
cvc-300_259.bmp,cvc-300_259.bmp
cvc-300_26.bmp,cvc-300_26.bmp
cvc-300_2.bmp,cvc-300_2.bmp
cvc-612_254.bmp,cvc-612_254.tif
cvc-612_453.bmp,cvc-612_453.tif
cvc-612_194.bmp,cvc-612_194.tif
cvc-612_265.bmp,cvc-612_265.tif
cvc-300_241.bmp,cvc-300_241.bmp
cvc-300_235.bmp,cvc-300_235.bmp
cvc-300_130.bmp,cvc-300_130.bmp
cvc-612_591.bmp,cvc-612_591.tif
cvc-612_304.bmp,cvc-612_304.tif
cvc-300_56.bmp,cvc-300_56.bmp
cvc-300_237.bmp,cvc-300_237.bmp
cvc-612_203.bmp,cvc-612_203.tif
cvc-612_180.bmp,cvc-612_180.tif
cvc-612_411.bmp,cvc-612_411.tif
cvc-300_126.bmp,cvc-300_126.bmp
cvc-300_12.bmp,cvc-300_12.bmp
cvc-300_117.bmp,cvc-300_117.bmp
cvc-300_41.bmp,cvc-300_41.bmp
cvc-612_178.bmp,cvc-612_178.tif
cvc-300_5.bmp,cvc-300_5.bmp
cvc-612_312.bmp,cvc-612_312.tif
cvc-612_405.bmp,cvc-612_405.tif
cvc-300_222.bmp,cvc-300_222.bmp
cvc-612_455.bmp,cvc-612_455.tif
cvc-612_295.bmp,cvc-612_295.tif
cvc-300_32.bmp,cvc-300_32.bmp
cvc-612_580.bmp,cvc-612_580.tif
cvc-612_464.bmp,cvc-612_464.tif
cvc-612_118.bmp,cvc-612_118.tif
cvc-612_48.bmp,cvc-612_48.tif
cvc-612_300.bmp,cvc-612_300.tif
cvc-612_576.bmp,cvc-612_576.tif
cvc-612_583.bmp,cvc-612_583.tif
cvc-612_433.bmp,cvc-612_433.tif
cvc-612_206.bmp,cvc-612_206.tif
cvc-612_546.bmp,cvc-612_546.tif
cvc-300_49.bmp,cvc-300_49.bmp
cvc-612_227.bmp,cvc-612_227.tif
cvc-612_289.bmp,cvc-612_289.tif
cvc-300_121.bmp,cvc-300_121.bmp
cvc-612_286.bmp,cvc-612_286.tif
cvc-612_578.bmp,cvc-612_578.tif
cvc-612_449.bmp,cvc-612_449.tif
cvc-300_260.bmp,cvc-300_260.bmp
cvc-612_185.bmp,cvc-612_185.tif
cvc-300_131.bmp,cvc-300_131.bmp
cvc-300_268.bmp,cvc-300_268.bmp
cvc-300_68.bmp,cvc-300_68.bmp
cvc-300_141.bmp,cvc-300_141.bmp
cvc-612_105.bmp,cvc-612_105.tif
cvc-612_441.bmp,cvc-612_441.tif
cvc-612_474.bmp,cvc-612_474.tif
cvc-612_305.bmp,cvc-612_305.tif
cvc-612_104.bmp,cvc-612_104.tif
cvc-612_258.bmp,cvc-612_258.tif
cvc-300_7.bmp,cvc-300_7.bmp
cvc-300_6.bmp,cvc-300_6.bmp
cvc-612_492.bmp,cvc-612_492.tif
cvc-612_414.bmp,cvc-612_414.tif
cvc-612_306.bmp,cvc-612_306.tif
cvc-612_567.bmp,cvc-612_567.tif
cvc-300_113.bmp,cvc-300_113.bmp
cvc-300_271.bmp,cvc-300_271.bmp
cvc-612_548.bmp,cvc-612_548.tif
cvc-612_303.bmp,cvc-612_303.tif
cvc-612_457.bmp,cvc-612_457.tif
cvc-612_210.bmp,cvc-612_210.tif
cvc-612_471.bmp,cvc-612_471.tif
cvc-612_598.bmp,cvc-612_598.tif
cvc-612_532.bmp,cvc-612_532.tif
cvc-612_290.bmp,cvc-612_290.tif
cvc-612_421.bmp,cvc-612_421.tif
cvc-300_240.bmp,cvc-300_240.bmp
cvc-612_555.bmp,cvc-612_555.tif
cvc-612_490.bmp,cvc-612_490.tif
cvc-300_43.bmp,cvc-300_43.bmp
cvc-612_111.bmp,cvc-612_111.tif
cvc-300_114.bmp,cvc-300_114.bmp
cvc-612_419.bmp,cvc-612_419.tif
cvc-612_542.bmp,cvc-612_542.tif
cvc-612_317.bmp,cvc-612_317.tif
cvc-612_198.bmp,cvc-612_198.tif
cvc-612_557.bmp,cvc-612_557.tif
cvc-612_291.bmp,cvc-612_291.tif
cvc-612_259.bmp,cvc-612_259.tif
cvc-612_422.bmp,cvc-612_422.tif
cvc-612_582.bmp,cvc-612_582.tif
cvc-612_119.bmp,cvc-612_119.tif
cvc-612_590.bmp,cvc-612_590.tif
cvc-612_605.bmp,cvc-612_605.tif
cvc-300_261.bmp,cvc-300_261.bmp
cvc-300_231.bmp,cvc-300_231.bmp
cvc-612_393.bmp,cvc-612_393.tif
cvc-612_109.bmp,cvc-612_109.tif
cvc-612_110.bmp,cvc-612_110.tif
cvc-300_251.bmp,cvc-300_251.bmp
cvc-612_313.bmp,cvc-612_313.tif
cvc-300_52.bmp,cvc-300_52.bmp
cvc-612_473.bmp,cvc-612_473.tif
cvc-612_389.bmp,cvc-612_389.tif
cvc-612_262.bmp,cvc-612_262.tif
cvc-612_274.bmp,cvc-612_274.tif
cvc-612_183.bmp,cvc-612_183.tif
cvc-612_113.bmp,cvc-612_113.tif
cvc-612_440.bmp,cvc-612_440.tif
cvc-612_281.bmp,cvc-612_281.tif
cvc-612_571.bmp,cvc-612_571.tif
cvc-612_479.bmp,cvc-612_479.tif
cvc-300_248.bmp,cvc-300_248.bmp
cvc-612_179.bmp,cvc-612_179.tif
cvc-612_214.bmp,cvc-612_214.tif
cvc-612_42.bmp,cvc-612_42.tif
cvc-300_40.bmp,cvc-300_40.bmp
cvc-300_145.bmp,cvc-300_145.bmp
cvc-612_559.bmp,cvc-612_559.tif
cvc-612_106.bmp,cvc-612_106.tif
cvc-612_29.bmp,cvc-612_29.tif
cvc-300_249.bmp,cvc-300_249.bmp
cvc-612_108.bmp,cvc-612_108.tif
cvc-612_188.bmp,cvc-612_188.tif
cvc-612_308.bmp,cvc-612_308.tif
cvc-612_458.bmp,cvc-612_458.tif
cvc-300_139.bmp,cvc-300_139.bmp
cvc-300_264.bmp,cvc-300_264.bmp
cvc-612_270.bmp,cvc-612_270.tif
cvc-300_31.bmp,cvc-300_31.bmp
cvc-612_429.bmp,cvc-612_429.tif
cvc-612_431.bmp,cvc-612_431.tif
cvc-612_478.bmp,cvc-612_478.tif
cvc-612_272.bmp,cvc-612_272.tif
cvc-612_418.bmp,cvc-612_418.tif
cvc-300_137.bmp,cvc-300_137.bmp
cvc-612_466.bmp,cvc-612_466.tif
cvc-300_35.bmp,cvc-300_35.bmp
cvc-300_76.bmp,cvc-300_76.bmp
cvc-612_310.bmp,cvc-612_310.tif
cvc-612_26.bmp,cvc-612_26.tif
cvc-300_109.bmp,cvc-300_109.bmp
cvc-612_436.bmp,cvc-612_436.tif
cvc-612_218.bmp,cvc-612_218.tif
cvc-300_105.bmp,cvc-300_105.bmp
cvc-612_209.bmp,cvc-612_209.tif
cvc-612_33.bmp,cvc-612_33.tif
cvc-300_29.bmp,cvc-300_29.bmp
cvc-612_225.bmp,cvc-612_225.tif
cvc-612_412.bmp,cvc-612_412.tif
cvc-300_73.bmp,cvc-300_73.bmp
cvc-612_284.bmp,cvc-612_284.tif
cvc-612_271.bmp,cvc-612_271.tif
cvc-300_234.bmp,cvc-300_234.bmp
cvc-612_208.bmp,cvc-612_208.tif
cvc-612_450.bmp,cvc-612_450.tif
cvc-612_399.bmp,cvc-612_399.tif
cvc-300_57.bmp,cvc-300_57.bmp
cvc-612_529.bmp,cvc-612_529.tif
cvc-612_560.bmp,cvc-612_560.tif
cvc-300_247.bmp,cvc-300_247.bmp
cvc-300_272.bmp,cvc-300_272.bmp
cvc-612_426.bmp,cvc-612_426.tif
cvc-612_565.bmp,cvc-612_565.tif
cvc-612_434.bmp,cvc-612_434.tif
cvc-612_556.bmp,cvc-612_556.tif
cvc-612_451.bmp,cvc-612_451.tif
cvc-612_197.bmp,cvc-612_197.tif
cvc-612_460.bmp,cvc-612_460.tif
cvc-300_133.bmp,cvc-300_133.bmp
cvc-300_255.bmp,cvc-300_255.bmp
cvc-612_497.bmp,cvc-612_497.tif
cvc-612_37.bmp,cvc-612_37.tif
cvc-612_543.bmp,cvc-612_543.tif
cvc-612_409.bmp,cvc-612_409.tif
cvc-612_391.bmp,cvc-612_391.tif
cvc-300_144.bmp,cvc-300_144.bmp
cvc-612_574.bmp,cvc-612_574.tif
cvc-612_396.bmp,cvc-612_396.tif
cvc-612_530.bmp,cvc-612_530.tif
cvc-612_599.bmp,cvc-612_599.tif
cvc-612_502.bmp,cvc-612_502.tif
cvc-300_245.bmp,cvc-300_245.bmp
cvc-612_126.bmp,cvc-612_126.tif
cvc-612_585.bmp,cvc-612_585.tif
cvc-612_267.bmp,cvc-612_267.tif
cvc-612_406.bmp,cvc-612_406.tif
cvc-612_462.bmp,cvc-612_462.tif
cvc-612_44.bmp,cvc-612_44.tif
cvc-300_45.bmp,cvc-300_45.bmp
cvc-300_99.bmp,cvc-300_99.bmp
cvc-612_570.bmp,cvc-612_570.tif
cvc-612_257.bmp,cvc-612_257.tif
cvc-612_448.bmp,cvc-612_448.tif
cvc-300_8.bmp,cvc-300_8.bmp
cvc-300_142.bmp,cvc-300_142.bmp
cvc-300_11.bmp,cvc-300_11.bmp
cvc-300_102.bmp,cvc-300_102.bmp
cvc-612_584.bmp,cvc-612_584.tif
cvc-300_54.bmp,cvc-300_54.bmp
cvc-612_224.bmp,cvc-612_224.tif
cvc-612_217.bmp,cvc-612_217.tif
cvc-300_132.bmp,cvc-300_132.bmp
cvc-612_558.bmp,cvc-612_558.tif
cvc-300_258.bmp,cvc-300_258.bmp
cvc-612_292.bmp,cvc-612_292.tif
cvc-612_256.bmp,cvc-612_256.tif
cvc-612_302.bmp,cvc-612_302.tif
cvc-612_299.bmp,cvc-612_299.tif
cvc-300_59.bmp,cvc-300_59.bmp
cvc-612_294.bmp,cvc-612_294.tif
cvc-612_483.bmp,cvc-612_483.tif
cvc-300_147.bmp,cvc-300_147.bmp
cvc-612_403.bmp,cvc-612_403.tif
cvc-300_61.bmp,cvc-300_61.bmp
cvc-612_263.bmp,cvc-612_263.tif
cvc-300_123.bmp,cvc-300_123.bmp
cvc-612_536.bmp,cvc-612_536.tif
cvc-612_611.bmp,cvc-612_611.tif
cvc-612_121.bmp,cvc-612_121.tif
cvc-612_266.bmp,cvc-612_266.tif
cvc-612_384.bmp,cvc-612_384.tif
cvc-612_181.bmp,cvc-612_181.tif
cvc-612_531.bmp,cvc-612_531.tif
cvc-300_148.bmp,cvc-300_148.bmp
cvc-612_28.bmp,cvc-612_28.tif
cvc-300_70.bmp,cvc-300_70.bmp
cvc-612_280.bmp,cvc-612_280.tif
cvc-612_534.bmp,cvc-612_534.tif
cvc-612_443.bmp,cvc-612_443.tif
cvc-612_43.bmp,cvc-612_43.tif
cvc-612_220.bmp,cvc-612_220.tif
cvc-612_202.bmp,cvc-612_202.tif
cvc-612_115.bmp,cvc-612_115.tif
cvc-612_397.bmp,cvc-612_397.tif
cvc-612_572.bmp,cvc-612_572.tif
cvc-300_69.bmp,cvc-300_69.bmp
cvc-612_427.bmp,cvc-612_427.tif
cvc-300_14.bmp,cvc-300_14.bmp
cvc-612_595.bmp,cvc-612_595.tif
cvc-612_461.bmp,cvc-612_461.tif
cvc-300_263.bmp,cvc-300_263.bmp
cvc-612_31.bmp,cvc-612_31.tif
cvc-612_610.bmp,cvc-612_610.tif
cvc-300_46.bmp,cvc-300_46.bmp
cvc-612_588.bmp,cvc-612_588.tif
cvc-612_107.bmp,cvc-612_107.tif
cvc-300_119.bmp,cvc-300_119.bmp
cvc-612_476.bmp,cvc-612_476.tif
cvc-300_242.bmp,cvc-300_242.bmp
cvc-612_182.bmp,cvc-612_182.tif
cvc-300_107.bmp,cvc-300_107.bmp
cvc-612_484.bmp,cvc-612_484.tif
cvc-300_115.bmp,cvc-300_115.bmp
cvc-300_120.bmp,cvc-300_120.bmp
cvc-612_278.bmp,cvc-612_278.tif
cvc-612_260.bmp,cvc-612_260.tif
cvc-300_71.bmp,cvc-300_71.bmp
cvc-612_38.bmp,cvc-612_38.tif
cvc-300_72.bmp,cvc-300_72.bmp
cvc-612_589.bmp,cvc-612_589.tif
cvc-612_39.bmp,cvc-612_39.tif
cvc-300_146.bmp,cvc-300_146.bmp
cvc-300_252.bmp,cvc-300_252.bmp
cvc-612_316.bmp,cvc-612_316.tif
cvc-612_501.bmp,cvc-612_501.tif
cvc-612_495.bmp,cvc-612_495.tif
cvc-612_496.bmp,cvc-612_496.tif
cvc-612_575.bmp,cvc-612_575.tif
cvc-612_30.bmp,cvc-612_30.tif
cvc-612_581.bmp,cvc-612_581.tif
cvc-300_269.bmp,cvc-300_269.bmp
cvc-300_116.bmp,cvc-300_116.bmp
cvc-612_486.bmp,cvc-612_486.tif
cvc-300_51.bmp,cvc-300_51.bmp
cvc-612_253.bmp,cvc-612_253.tif
cvc-612_195.bmp,cvc-612_195.tif
cvc-612_264.bmp,cvc-612_264.tif
cvc-612_50.bmp,cvc-612_50.tif
cvc-300_143.bmp,cvc-300_143.bmp
cvc-300_60.bmp,cvc-300_60.bmp
cvc-612_201.bmp,cvc-612_201.tif
cvc-300_34.bmp,cvc-300_34.bmp
cvc-612_207.bmp,cvc-612_207.tif
cvc-612_400.bmp,cvc-612_400.tif
cvc-612_432.bmp,cvc-612_432.tif
cvc-300_42.bmp,cvc-300_42.bmp
cvc-612_190.bmp,cvc-612_190.tif
cvc-300_239.bmp,cvc-300_239.bmp
cvc-612_211.bmp,cvc-612_211.tif
cvc-300_108.bmp,cvc-300_108.bmp
cvc-612_488.bmp,cvc-612_488.tif
cvc-612_452.bmp,cvc-612_452.tif
cvc-612_223.bmp,cvc-612_223.tif
cvc-300_16.bmp,cvc-300_16.bmp
cvc-612_544.bmp,cvc-612_544.tif
cvc-300_18.bmp,cvc-300_18.bmp
cvc-612_604.bmp,cvc-612_604.tif
cvc-612_569.bmp,cvc-612_569.tif
cvc-612_268.bmp,cvc-612_268.tif
cvc-612_437.bmp,cvc-612_437.tif
cvc-612_456.bmp,cvc-612_456.tif
cvc-612_394.bmp,cvc-612_394.tif
cvc-612_442.bmp,cvc-612_442.tif
cvc-612_417.bmp,cvc-612_417.tif
cvc-612_564.bmp,cvc-612_564.tif
cvc-612_493.bmp,cvc-612_493.tif
cvc-612_470.bmp,cvc-612_470.tif
cvc-612_287.bmp,cvc-612_287.tif
cvc-612_276.bmp,cvc-612_276.tif
cvc-612_387.bmp,cvc-612_387.tif
cvc-300_10.bmp,cvc-300_10.bmp
cvc-612_204.bmp,cvc-612_204.tif
cvc-612_420.bmp,cvc-612_420.tif
cvc-612_608.bmp,cvc-612_608.tif
cvc-612_196.bmp,cvc-612_196.tif
cvc-612_561.bmp,cvc-612_561.tif
cvc-300_122.bmp,cvc-300_122.bmp
cvc-612_551.bmp,cvc-612_551.tif
cvc-612_213.bmp,cvc-612_213.tif
cvc-300_253.bmp,cvc-300_253.bmp
cvc-300_138.bmp,cvc-300_138.bmp
cvc-612_468.bmp,cvc-612_468.tif
cvc-612_593.bmp,cvc-612_593.tif
cvc-300_257.bmp,cvc-300_257.bmp
cvc-612_533.bmp,cvc-612_533.tif
cvc-612_275.bmp,cvc-612_275.tif
cvc-612_550.bmp,cvc-612_550.tif
cvc-300_226.bmp,cvc-300_226.bmp
cvc-612_594.bmp,cvc-612_594.tif
cvc-300_228.bmp,cvc-300_228.bmp
cvc-300_265.bmp,cvc-300_265.bmp
cvc-300_221.bmp,cvc-300_221.bmp
cvc-612_416.bmp,cvc-612_416.tif
cvc-612_469.bmp,cvc-612_469.tif
cvc-612_485.bmp,cvc-612_485.tif
cvc-612_311.bmp,cvc-612_311.tif
cvc-612_255.bmp,cvc-612_255.tif
cvc-612_401.bmp,cvc-612_401.tif
cvc-612_602.bmp,cvc-612_602.tif
cvc-612_435.bmp,cvc-612_435.tif
cvc-300_266.bmp,cvc-300_266.bmp
cvc-612_612.bmp,cvc-612_612.tif
cvc-612_606.bmp,cvc-612_606.tif
cvc-612_402.bmp,cvc-612_402.tif
cvc-612_116.bmp,cvc-612_116.tif
cvc-612_491.bmp,cvc-612_491.tif
cvc-612_407.bmp,cvc-612_407.tif
cvc-612_261.bmp,cvc-612_261.tif
cvc-300_100.bmp,cvc-300_100.bmp
cvc-612_112.bmp,cvc-612_112.tif
cvc-612_219.bmp,cvc-612_219.tif
cvc-300_267.bmp,cvc-300_267.bmp
cvc-612_193.bmp,cvc-612_193.tif
cvc-612_125.bmp,cvc-612_125.tif
cvc-300_48.bmp,cvc-300_48.bmp
cvc-300_13.bmp,cvc-300_13.bmp
cvc-300_39.bmp,cvc-300_39.bmp
cvc-300_233.bmp,cvc-300_233.bmp
cvc-300_66.bmp,cvc-300_66.bmp
cvc-612_124.bmp,cvc-612_124.tif
cvc-300_38.bmp,cvc-300_38.bmp
cvc-612_390.bmp,cvc-612_390.tif
cvc-612_423.bmp,cvc-612_423.tif
cvc-612_587.bmp,cvc-612_587.tif
cvc-300_104.bmp,cvc-300_104.bmp
cvc-612_117.bmp,cvc-612_117.tif
cvc-612_494.bmp,cvc-612_494.tif
cvc-612_603.bmp,cvc-612_603.tif
cvc-612_552.bmp,cvc-612_552.tif
cvc-300_230.bmp,cvc-300_230.bmp
cvc-612_114.bmp,cvc-612_114.tif
cvc-300_33.bmp,cvc-300_33.bmp
cvc-612_430.bmp,cvc-612_430.tif
cvc-612_187.bmp,cvc-612_187.tif
cvc-612_601.bmp,cvc-612_601.tif
cvc-612_445.bmp,cvc-612_445.tif
cvc-612_475.bmp,cvc-612_475.tif
cvc-612_477.bmp,cvc-612_477.tif
cvc-300_125.bmp,cvc-300_125.bmp
cvc-612_35.bmp,cvc-612_35.tif
cvc-612_221.bmp,cvc-612_221.tif
cvc-300_53.bmp,cvc-300_53.bmp
cvc-612_269.bmp,cvc-612_269.tif
cvc-300_118.bmp,cvc-300_118.bmp
cvc-612_562.bmp,cvc-612_562.tif
cvc-300_140.bmp,cvc-300_140.bmp
cvc-300_23.bmp,cvc-300_23.bmp
cvc-300_136.bmp,cvc-300_136.bmp
cvc-612_541.bmp,cvc-612_541.tif
cvc-300_238.bmp,cvc-300_238.bmp
cvc-612_446.bmp,cvc-612_446.tif
cvc-612_189.bmp,cvc-612_189.tif
cvc-612_47.bmp,cvc-612_47.tif
cvc-612_549.bmp,cvc-612_549.tif
cvc-612_439.bmp,cvc-612_439.tif
cvc-612_200.bmp,cvc-612_200.tif
cvc-300_224.bmp,cvc-300_224.bmp
cvc-300_246.bmp,cvc-300_246.bmp
cvc-612_547.bmp,cvc-612_547.tif
cvc-612_315.bmp,cvc-612_315.tif
cvc-300_112.bmp,cvc-300_112.bmp
cvc-612_607.bmp,cvc-612_607.tif
cvc-612_498.bmp,cvc-612_498.tif
cvc-300_127.bmp,cvc-300_127.bmp
cvc-612_540.bmp,cvc-612_540.tif
cvc-612_392.bmp,cvc-612_392.tif
cvc-300_37.bmp,cvc-300_37.bmp
cvc-300_256.bmp,cvc-300_256.bmp
cvc-300_9.bmp,cvc-300_9.bmp
cvc-612_579.bmp,cvc-612_579.tif
cvc-612_539.bmp,cvc-612_539.tif
cvc-612_192.bmp,cvc-612_192.tif
cvc-612_186.bmp,cvc-612_186.tif
cvc-612_568.bmp,cvc-612_568.tif
cvc-612_296.bmp,cvc-612_296.tif
cvc-612_447.bmp,cvc-612_447.tif
cvc-300_124.bmp,cvc-300_124.bmp
cvc-612_277.bmp,cvc-612_277.tif
cvc-300_101.bmp,cvc-300_101.bmp
cvc-300_19.bmp,cvc-300_19.bmp
cvc-612_314.bmp,cvc-612_314.tif
cvc-300_98.bmp,cvc-300_98.bmp
cvc-300_3.bmp,cvc-300_3.bmp
cvc-300_24.bmp,cvc-300_24.bmp
cvc-612_410.bmp,cvc-612_410.tif
cvc-300_1.bmp,cvc-300_1.bmp
cvc-612_279.bmp,cvc-612_279.tif
cvc-612_586.bmp,cvc-612_586.tif
cvc-612_27.bmp,cvc-612_27.tif
cvc-612_120.bmp,cvc-612_120.tif
cvc-300_58.bmp,cvc-300_58.bmp
cvc-612_222.bmp,cvc-612_222.tif
cvc-612_297.bmp,cvc-612_297.tif
cvc-300_106.bmp,cvc-300_106.bmp
cvc-612_122.bmp,cvc-612_122.tif
cvc-612_273.bmp,cvc-612_273.tif
cvc-612_408.bmp,cvc-612_408.tif
cvc-300_75.bmp,cvc-300_75.bmp
cvc-612_212.bmp,cvc-612_212.tif
cvc-300_47.bmp,cvc-300_47.bmp
cvc-300_15.bmp,cvc-300_15.bmp
cvc-612_41.bmp,cvc-612_41.tif
cvc-612_467.bmp,cvc-612_467.tif
cvc-612_184.bmp,cvc-612_184.tif
cvc-300_232.bmp,cvc-300_232.bmp
cvc-300_50.bmp,cvc-300_50.bmp
cvc-300_21.bmp,cvc-300_21.bmp
cvc-300_64.bmp,cvc-300_64.bmp
cvc-300_262.bmp,cvc-300_262.bmp
cvc-612_472.bmp,cvc-612_472.tif
cvc-300_103.bmp,cvc-300_103.bmp
cvc-300_67.bmp,cvc-300_67.bmp
cvc-612_554.bmp,cvc-612_554.tif
cvc-612_480.bmp,cvc-612_480.tif
cvc-612_438.bmp,cvc-612_438.tif
cvc-300_28.bmp,cvc-300_28.bmp
cvc-300_65.bmp,cvc-300_65.bmp
cvc-612_282.bmp,cvc-612_282.tif
cvc-612_413.bmp,cvc-612_413.tif
cvc-612_40.bmp,cvc-612_40.tif
cvc-612_573.bmp,cvc-612_573.tif
cvc-300_134.bmp,cvc-300_134.bmp
cvc-612_566.bmp,cvc-612_566.tif
cvc-612_596.bmp,cvc-612_596.tif
cvc-300_225.bmp,cvc-300_225.bmp
cvc-300_36.bmp,cvc-300_36.bmp
cvc-300_227.bmp,cvc-300_227.bmp
cvc-612_609.bmp,cvc-612_609.tif
cvc-300_74.bmp,cvc-300_74.bmp
cvc-612_424.bmp,cvc-612_424.tif
cvc-612_388.bmp,cvc-612_388.tif
cvc-612_34.bmp,cvc-612_34.tif
cvc-300_44.bmp,cvc-300_44.bmp
cvc-612_36.bmp,cvc-612_36.tif
cvc-612_288.bmp,cvc-612_288.tif
cvc-300_135.bmp,cvc-300_135.bmp
cvc-612_487.bmp,cvc-612_487.tif
cvc-612_499.bmp,cvc-612_499.tif
cvc-612_298.bmp,cvc-612_298.tif
cvc-612_32.bmp,cvc-612_32.tif
cvc-612_307.bmp,cvc-612_307.tif
cvc-300_128.bmp,cvc-300_128.bmp
cvc-612_386.bmp,cvc-612_386.tif
cvc-612_489.bmp,cvc-612_489.tif
cvc-612_285.bmp,cvc-612_285.tif
cvc-300_20.bmp,cvc-300_20.bmp
cvc-612_216.bmp,cvc-612_216.tif
cvc-612_398.bmp,cvc-612_398.tif
cvc-612_415.bmp,cvc-612_415.tif
cvc-612_191.bmp,cvc-612_191.tif
cvc-300_111.bmp,cvc-300_111.bmp
cvc-300_229.bmp,cvc-300_229.bmp
cvc-612_45.bmp,cvc-612_45.tif
cvc-612_123.bmp,cvc-612_123.tif
cvc-300_25.bmp,cvc-300_25.bmp
cvc-300_55.bmp,cvc-300_55.bmp
cvc-612_425.bmp,cvc-612_425.tif
cvc-300_254.bmp,cvc-300_254.bmp
cvc-300_273.bmp,cvc-300_273.bmp
cvc-612_404.bmp,cvc-612_404.tif
